39,,RHOB,√,√,236,0.037,39561.911,10.695,2,0.07,0.046750818,0.04
526,,RHOA,√,√,200,0.035,31839.854,8.876,2,0.19,0.056331681,0.11
533,,RXRA,√,√,244,0.036,38556.758,10.574,2,0.00,0.047285795,0.00
693,,ZFP36L2,√,√,274,0.036,53066.383,11.789,2,0.45,0.042412418,0.81
523,,POTEG,√,√,114,0.026,11458.267,4.825,2,0.01,0.103626943,0.82
167,,TGIF2LX,√,√,226,0.06,22556.817,9.512,2,0.02,0.052565181,0.97
35,,PIGS,√,√,125,0.026,13028.036,5.19,2,0.00,0.096339114,0.86
524,,UCP1,√,√,203,0.032,31872.333,8.335,2,0.00,0.059988002,0.67
254,,ZCWPW2,√,√,94,0.119,5308.6,3.846,2,0.06,0.1300052,0.12
299,,MUC7,√,√,176,0.027,24611.263,6.67,2,0.05,0.074962519,0.73
513,,NAA38,√,√,257,0.03,53565.996,9.674,2,0.03,0.051684929,0.05
488,,RBP2,√,√,152,0.025,20796.674,5.711,2,0.45,0.087550341,0.63
426,,TNNT1,√,√,293,0.027,72708.983,9.823,2,0.09,0.050900947,0.07
543,,SARS2,√,√,174,0.021,26905.318,5.598,2,0.00,0.089317613,0.78
445,,RAB38,√,√,307,0.026,71235.796,9.746,2,0.02,0.051303099,0.79
542,,SLC24A1,√,√,185,0.019,29750.081,5.514,2,0.72,0.090678274,0.58
130,,ZIM3,√,√,288,0.021,74536.176,8.007,2,0.02,0.06244536,0.02
541,,SLC36A4,√,√,282,0.02,69819.34,7.511,2,0.00,0.066569032,0.13
322,,RARS2,√,√,319,0.082,50309.802,8,2,0.00,0.0625,0.92
153,,SLC23A3,√,√,103,0.141,4685.809,2.25,2,0.02,0.222222222,0.75
520,,PPARGC1A,√,√,103,0.141,4685.809,2.01,2,0.63,0.248756219,0.82
129,,NAA15,√,√,670,0,446892,11.997,2,0.44,0.041677086,0.80
653,,PIK3C3,√,√,23,0.134,343.967,0.409,2,0.04,1.222493888,0.40
168,,PLA2G1B,√,√,233,0.061,32363.102,4.043,2,0.11,0.123670542,0.76
620,,IL1F10,√,√,210,0.054,31401.393,3.238,2,0.00,0.154416306,0.01
493,,SLC10A2,√,√,210,0.054,31401.393,3.238,2,0.30,0.154416306,0.12
,,ID1,,,,,,,,0.21,,0.14
,,ID4,,,,,,,,0.00,,0.00
,,IDH1,,,,,,,,0.78,,0.37
,,IDUA,,,,,,,,0.00,,0.00
,,IFI27L1,,,,,,,,0.00,,0.00
,,IFI27L2,,,,,,,,1.00,,0.69
,,IFI6,,,,,,,,0.00,,0.00
,,IFNA1,,,,,,,,0.00,,0.00
,,IFNA10,,,,,,,,0.75,,0.72
,,IFNA13,,,,,,,,0.00,,0.00
,,IFNA14,,,,,,,,0.00,,0.00
,,IFNA16,,,,,,,,0.52,,0.94
,,IFNA17,,,,,,,,0.00,,0.00
,,IFNA2,,,,,,,,0.00,,0.00
,,IFNA21,,,,,,,,0.00,,0.00
,,IFNA4,,,,,,,,1.00,,0.97
,,IFNA5,,,,,,,,0.02,,0.01
,,IFNA6,,,,,,,,0.00,,0.00
,,IFNA7,,,,,,,,0.00,,0.00
,,IFNA8,,,,,,,,0.00,,0.00
,,IFNAR2,,,,,,,,0.16,,0.63
,,IFNE,,,,,,,,0.14,,0.37
,,IFNG,,,,,,,,0.39,,0.29
,,IFNK,,,,,,,,0.17,,0.21
,,IFNW1,,,,,,,,0.81,,0.77
,,IGFALS,,,,,,,,0.04,,0.03
,,IGJ,,,,,,,,1.00,,0.38
,,IGSF1,,,,,,,,1.00,,0.57
,,IGSF10,,,,,,,,0.33,,0.96
,,IGSF11,,,,,,,,0.25,,0.68
,,IGSF21,,,,,,,,0.19,,0.46
,,IGSF22,,,,,,,,0.11,,0.78
,,IGSF3,,,,,,,,0.06,,0.12
,,IGSF5,,,,,,,,0.53,,0.51
,,IGSF6,,,,,,,,0.00,,0.00
,,IGSF9,,,,,,,,0.40,,0.75
,,IGSF9B,,,,,,,,0.43,,0.14
,,IK,,,,,,,,1.00,,0.73
,,IKBKAP,,,,,,,,0.18,,0.61
,,IKBKB,,,,,,,,0.72,,0.90
,,IKBKE,,,,,,,,0.09,,0.66
,,IL10RA,,,,,,,,0.63,,0.82
,,IL10RB,,,,,,,,0.31,,0.92
,,IL11RA,,,,,,,,0.71,,0.06
,,IL12RB1,,,,,,,,0.23,,0.52
,,IL12RB2,,,,,,,,0.57,,0.61
,,IL13RA1,,,,,,,,0.48,,0.88
,,IL13RA2,,,,,,,,0.00,,0.00
,,IL15RA,,,,,,,,0.00,,0.00
,,IL1A,,,,,,,,0.00,,0.00
,,IL1F5,,,,,,,,0.00,,0.00
,,IL1F6,,,,,,,,0.00,,0.00
,,IL1F7,,,,,,,,0.00,,0.00
,,IL1F8,,,,,,,,0.00,,0.00
,,IL1F9,,,,,,,,0.00,,0.00
,,IL1R1,,,,,,,,0.00,,0.00
,,IL1R2,,,,,,,,0.36,,0.34
,,IL20RA,,,,,,,,0.19,,0.23
,,IL22RA2,,,,,,,,1.00,,0.62
,,IL27RA,,,,,,,,0.51,,0.74
,,IL28A,,,,,,,,0.00,,0.00
,,IL28B,,,,,,,,0.00,,0.00
,,IL29,,,,,,,,0.00,,0.00
,,IL5RA,,,,,,,,0.58,,0.24
,,ILF2,,,,,,,,0.52,,0.52
,,ILF3,,,,,,,,0.19,,0.72
,,IMMT,,,,,,,,0.51,,0.73
,,INA,,,,,,,,0.28,,0.12
,,INCA1,,,,,,,,0.17,,0.28
,,INF2,,,,,,,,0.21,,0.93
,,ING2,,,,,,,,0.17,,0.14
,,ING3,,,,,,,,1.00,,0.72
,,INHBA,,,,,,,,0.63,,0.27
,,INHBB,,,,,,,,0.24,,0.23
,,INHBC,,,,,,,,0.00,,0.00
,,INPP5A,,,,,,,,0.63,,0.47
,,INPP5B,,,,,,,,1.00,,0.97
,,INPP5D,,,,,,,,0.89,,0.85
,,INPP5E,,,,,,,,0.00,,0.00
,,IRGC,,,,,,,,0.14,,0.04
,,IRGQ,,,,,,,,0.98,,0.94
,,ITGA1,,,,,,,,0.74,,0.61
,,ITGA10,,,,,,,,0.84,,1.00
,,ITGA6,,,,,,,,0.35,,0.87
,,ITGA8,,,,,,,,1.00,,0.70
,,ITGAD,,,,,,,,0.67,,0.48
,,ITGAM,,,,,,,,0.39,,0.45
,,ITGB2,,,,,,,,0.21,,0.57
,,ITGB5,,,,,,,,1.00,,0.35
,,ITGB6,,,,,,,,0.12,,0.07
,,ITGB7,,,,,,,,0.24,,0.95
,,ITGB8,,,,,,,,1.00,,0.63
,,ITGBL1,,,,,,,,0.91,,0.97
,,JARID2,,,,,,,,0.59,,0.37
,,JMY,,,,,,,,1.00,,0.34
,,JUB,,,,,,,,0.00,,0.00
,,KALRN,,,,,,,,0.03,,0.01
,,KCNIP3,,,,,,,,1.00,,0.38
,,KCNMB3,,,,,,,,0.45,,0.87
,,KEL,,,,,,,,1.00,,0.84
,,KIDINS220,,,,,,,,0.84,,0.49
,,KIN,,,,,,,,0.78,,0.77
,,KLHL2,,,,,,,,0.26,,0.07
,,KLKB1,,,,,,,,0.32,,0.25
,,KLRC1,,,,,,,,0.00,,0.00
,,KLRC2,,,,,,,,0.42,,0.21
,,KLRC3,,,,,,,,0.42,,0.24
,,KLRC4,,,,,,,,0.80,,0.59
,,KLRD1,,,,,,,,0.00,,0.00
,,KLRF1,,,,,,,,0.75,,0.25
,,KLRG1,,,,,,,,0.54,,0.86
,,KLRG2,,,,,,,,0.38,,0.18
,,KPNA2,,,,,,,,0.85,,0.52
,,KRT5,,,,,,,,0.29,,0.57
,,KTI12,,,,,,,,0.62,,0.51
,,LACTB2,,,,,,,,0.49,,0.33
,,LAGE3,,,,,,,,0.00,,0.00
,,LALBA,,,,,,,,0.00,,0.00
,,LAMA1,,,,,,,,0.14,,0.58
,,LAMA3,,,,,,,,0.48,,0.92
,,LAMA4,,,,,,,,0.40,,0.75
,,LAMA5,,,,,,,,0.47,,0.28
,,LAMB1,,,,,,,,1.00,,0.87
,,LAMB2,,,,,,,,0.13,,0.02
,,LAMB3,,,,,,,,0.33,,0.75
,,LAMB4,,,,,,,,0.67,,0.88
,,LAMC1,,,,,,,,0.04,,0.88
,,LAMC2,,,,,,,,0.33,,0.42
,,LAMC3,,,,,,,,0.20,,0.95
,,LARP1,,,,,,,,0.06,,0.30
,,LARP1B,,,,,,,,1.00,,0.72
,,LARP4,,,,,,,,0.53,,0.91
,,LARP4B,,,,,,,,1.00,,0.99
,,LARP6,,,,,,,,0.52,,0.78
,,LARP7,,,,,,,,0.23,,0.05
,,LARS2,,,,,,,,0.52,,0.21
,,LASS1,,,,,,,,0.00,,0.00
,,LASS2,,,,,,,,0.00,,0.00
,,LASS3,,,,,,,,0.00,,0.00
,,LASS4,,,,,,,,0.00,,0.00
,,LASS5,,,,,,,,0.00,,0.00
,,LASS6,,,,,,,,0.00,,0.00
,,LDOC1L,,,,,,,,1.00,,0.57
,,LEKR1,,,,,,,,1.00,,0.52
,,LGI2,,,,,,,,0.50,,0.56
,,LGI3,,,,,,,,0.41,,0.34
,,LGI4,,,,,,,,1.00,,0.53
,,LGSN,,,,,,,,0.55,,0.41
,,LIM2,,,,,,,,1.00,,0.87
,,LIPC,,,,,,,,0.16,,0.07
,,LIPE,,,,,,,,0.86,,0.44
,,LIPF,,,,,,,,0.52,,0.49
,,LIPG,,,,,,,,1.00,,0.74
,,LIPH,,,,,,,,0.75,,0.60
,,LIPI,,,,,,,,0.34,,0.35
,,LIPJ,,,,,,,,1.00,,0.89
,,LIPK,,,,,,,,0.00,,0.00
,,LIPN,,,,,,,,0.00,,0.00
,,LLPH,,,,,,,,0.00,,0.00
,,LMAN2,,,,,,,,0.49,,0.18
,,LMAN2L,,,,,,,,0.28,,0.85
,,LMX1A,,,,,,,,0.05,,0.37
,,LMX1B,,,,,,,,0.27,,0.48
,,LONP1,,,,,,,,0.20,,0.59
,,LONP2,,,,,,,,0.57,,0.64
,,LPA,,,,,,,,0.60,,0.40
,,LRIT1,,,,,,,,0.37,,0.72
,,LRIT2,,,,,,,,0.99,,0.55
,,LRIT3,,,,,,,,0.67,,0.34
,,LRP8,,,,,,,,0.27,,0.09
,,LRRC37A2,,,,,,,,0.49,,0.87
,,LRRC37A3,,,,,,,,0.20,,0.12
,,LRRC8A,,,,,,,,0.22,,0.11
,,LRRC8B,,,,,,,,0.83,,0.86
,,LRRC8C,,,,,,,,0.74,,0.67
,,LRRC8D,,,,,,,,1.00,,0.54
,,LRRC8E,,,,,,,,0.83,,0.68
,,LSM1,,,,,,,,0.00,,0.00
,,LSM10,,,,,,,,0.00,,0.00
,,LSM11,,,,,,,,0.00,,0.00
,,LSM14A,,,,,,,,0.46,,0.65
,,LSM14B,,,,,,,,1.00,,0.56
,,LSM2,,,,,,,,0.52,,0.51
,,LSM3,,,,,,,,0.00,,0.00
,,LSM4,,,,,,,,0.00,,0.00
,,LSM5,,,,,,,,0.00,,0.00
,,LSM6,,,,,,,,0.00,,0.00
,,LSM7,,,,,,,,0.00,,0.00
,,LSS,,,,,,,,1.00,,0.77
,,LY6D,,,,,,,,0.00,,0.00
,,LY6G5B,,,,,,,,1.00,,0.54
,,LY6G5C,,,,,,,,0.00,,0.00
,,LY6G6C,,,,,,,,0.00,,0.00
,,LY6G6D,,,,,,,,0.61,,0.48
,,LY6G6F,,,,,,,,0.90,,0.47
,,LY6H,,,,,,,,0.00,,0.00
,,LY6K,,,,,,,,0.00,,0.00
,,LZTS2,,,,,,,,1.00,,0.80
,,MAGEA1,,,,,,,,0.00,,0.00
,,MAGEA10,,,,,,,,0.87,,0.88
,,MAGEA11,,,,,,,,1.00,,0.69
,,MAGEA12,,,,,,,,1.00,,0.48
,,MAGEA3,,,,,,,,0.11,,0.08
,,MAGEA4,,,,,,,,1.00,,0.54
,,MAGEA5,,,,,,,,0.00,,0.00
,,MAGEA6,,,,,,,,0.53,,0.90
,,MAGEA8,,,,,,,,0.00,,0.00
,,MAGEB1,,,,,,,,0.74,,0.38
,,MAGEB10,,,,,,,,0.26,,0.97
,,MAGEB16,,,,,,,,0.63,,0.70
,,MAGEB18,,,,,,,,0.46,,0.15
,,MAGEB2,,,,,,,,0.00,,0.00
,,MAGEB3,,,,,,,,0.00,,0.00
,,MAGEB4,,,,,,,,0.77,,0.96
,,MAGEB6,,,,,,,,0.79,,0.96
,,MAGEC1,,,,,,,,0.92,,0.74
,,MAGEC2,,,,,,,,0.23,,0.12
,,MAGEC3,,,,,,,,0.11,,0.12
,,MAGED1,,,,,,,,1.00,,0.64
,,MAGED2,,,,,,,,0.33,,0.13
,,MAGEE2,,,,,,,,0.84,,0.45
,,MAGEF1,,,,,,,,0.00,,0.00
,,MAGEH1,,,,,,,,0.00,,0.00
,,MAGI1,,,,,,,,0.69,,0.62
,,MAGI2,,,,,,,,0.47,,0.20
,,MAGI3,,,,,,,,1.00,,0.91
,,MAGIX,,,,,,,,0.66,,0.77
,,MAGOH,,,,,,,,0.62,,0.52
,,MAL,,,,,,,,0.00,,0.00
,,MAL2,,,,,,,,0.00,,0.00
,,MALL,,,,,,,,0.00,,0.00
,,MANEA,,,,,,,,0.64,,0.39
,,MANEAL,,,,,,,,0.49,,0.70
,,MARS2,,,,,,,,0.50,,0.23
,,MAT1A,,,,,,,,1.00,,0.50
,,MAT2B,,,,,,,,0.00,,0.00
,,MATN1,,,,,,,,0.27,,0.95
,,MBL2,,,,,,,,0.00,,0.00
,,MBTPS1,,,,,,,,0.87,,0.49
,,MBTPS2,,,,,,,,0.14,,0.91
,,MCTP1,,,,,,,,0.36,,0.96
,,MCTP2,,,,,,,,0.33,,0.19
,,MDH1,,,,,,,,0.86,,0.78
,,MDH1B,,,,,,,,0.19,,0.90
,,MDH2,,,,,,,,0.00,,0.00
,,MDN1,,,,,,,,0.61,,0.27
,,MEP1A,,,,,,,,1.00,,0.92
,,MEP1B,,,,,,,,0.70,,0.44
,,MEPE,,,,,,,,0.87,,0.88
,,METRNL,,,,,,,,0.54,,0.47
,,MGRN1,,,,,,,,0.52,,0.99
,,MIA3,,,,,,,,1.00,,0.49
,,MICAL1,,,,,,,,0.27,,0.93
,,MICAL2,,,,,,,,0.28,,0.65
,,MICAL3,,,,,,,,1.00,,0.57
,,MIER2,,,,,,,,1.00,,0.99
,,MIER3,,,,,,,,0.06,,0.32
,,MINPP1,,,,,,,,0.06,,0.20
,,MKLN1,,,,,,,,0.66,,0.67
,,MKS1,,,,,,,,0.19,,0.32
,,MLL,,,,,,,,0.00,,0.00
,,MLL5,,,,,,,,0.00,,0.00
,,MLST8,,,,,,,,0.77,,0.26
,,MMACHC,,,,,,,,1.00,,0.83
,,MMADHC,,,,,,,,0.84,,0.20
,,MMP3,,,,,,,,0.72,,0.34
,,MMP7,,,,,,,,0.00,,0.00
,,MOBKL1A,,,,,,,,0.00,,0.00
,,MOBKL1B,,,,,,,,0.00,,0.00
,,MOBKL2A,,,,,,,,0.00,,0.00
,,MOBKL2B,,,,,,,,0.00,,0.00
,,MOBKL2C,,,,,,,,0.00,,0.00
,,MOBKL3,,,,,,,,0.00,,0.00
,,MOXD1,,,,,,,,0.02,,0.73
,,MPP2,,,,,,,,0.24,,0.20
,,MPP3,,,,,,,,0.40,,0.86
,,MPP4,,,,,,,,0.00,,0.00
,,MPP5,,,,,,,,0.25,,0.53
,,MPP6,,,,,,,,0.49,,0.52
,,MPP7,,,,,,,,1.00,,0.99
,,MR1,,,,,,,,1.00,,0.84
,,MRC2,,,,,,,,0.50,,0.17
,,MRGPRD,,,,,,,,1.00,,0.93
,,MRGPRE,,,,,,,,0.62,,0.87
,,MRGPRF,,,,,,,,0.65,,0.43
,,MRGPRX1,,,,,,,,1.00,,0.96
,,MRGPRX2,,,,,,,,0.54,,0.39
,,MRGPRX3,,,,,,,,0.17,,0.07
,,MRGPRX4,,,,,,,,0.00,,0.00
,,MSMP,,,,,,,,1.00,,0.41
,,MTA2,,,,,,,,0.35,,0.84
,,MTHFD2,,,,,,,,1.00,,0.80
,,MTHFS,,,,,,,,1.00,,0.88
,,MTL5,,,,,,,,0.25,,0.32
,,MUC15,,,,,,,,0.16,,0.43
,,MUC20,,,,,,,,1.00,,0.99
,,MUC21,,,,,,,,0.09,,0.57
,,MUC5B,,,,,,,,0.35,,1.00
,,MUSTN1,,,,,,,,0.00,,0.00
,,MX1,,,,,,,,0.41,,0.54
,,MYBPC1,,,,,,,,1.00,,0.89
,,MYBPC2,,,,,,,,0.59,,0.18
,,MYBPC3,,,,,,,,0.69,,0.53
,,MYCL1,,,,,,,,0.00,,0.00
,,MYH14,,,,,,,,0.74,,0.80
,,MYH15,,,,,,,,0.73,,0.79
,,MYLK4,,,,,,,,0.40,,0.24
,,MYO5A,,,,,,,,0.72,,0.40
,,MYOC,,,,,,,,0.62,,0.36
,,MYOM1,,,,,,,,1.00,,0.76
,,MYOM2,,,,,,,,0.51,,0.49
,,MYOM3,,,,,,,,0.48,,0.34
,,MYPOP,,,,,,,,0.84,,0.35
,,MYSM1,,,,,,,,1.00,,0.51
,,NAA11,,,,,,,,0.00,,0.00
,,NAA16,,,,,,,,0.07,,0.94
,,NAA20,,,,,,,,0.00,,0.00
,,NAA25,,,,,,,,0.85,,0.48
,,NAA30,,,,,,,,0.00,,0.00
,,NAA35,,,,,,,,0.81,,0.38
,,NAA50,,,,,,,,0.00,,0.00
,,NACC1,,,,,,,,0.49,,0.36
,,NACC2,,,,,,,,0.00,,0.00
,,NAGA,,,,,,,,0.86,,0.55
,,NAGLU,,,,,,,,0.48,,0.81
,,NALCN,,,,,,,,0.43,,0.31
,,NAPB,,,,,,,,0.00,,0.00
,,NAPG,,,,,,,,1.00,,0.69
,,NARS2,,,,,,,,0.52,,0.90
,,NBPF1,,,,,,,,0.49,,0.58
,,NBPF10,,,,,,,,1.00,,0.96
,,NBPF14,,,,,,,,0.77,,0.21
,,NBPF15,,,,,,,,0.12,,0.61
,,NBPF16,,,,,,,,0.00,,0.00
,,NBPF3,,,,,,,,0.22,,0.87
,,NBPF7,,,,,,,,0.00,,0.00
,,NBPF9,,,,,,,,0.33,,0.45
,,NCAPD3,,,,,,,,1.00,,0.80
,,NCAPG,,,,,,,,0.27,,0.30
,,NCAPG2,,,,,,,,0.41,,0.96
,,NCAPH,,,,,,,,0.03,,0.90
,,NCAPH2,,,,,,,,0.42,,0.27
,,NCBP1,,,,,,,,0.78,,0.19
,,NCBP2,,,,,,,,0.00,,0.00
,,NCF4,,,,,,,,1.00,,0.52
,,NDC80,,,,,,,,1.00,,0.64
,,NDUFA12,,,,,,,,0.00,,0.00
,,NDUFA13,,,,,,,,0.00,,0.00
,,NDUFA4L2,,,,,,,,0.00,,0.00
,,NDUFAF1,,,,,,,,0.60,,0.84
,,NDUFAF2,,,,,,,,1.00,,0.82
,,NDUFAF3,,,,,,,,1.00,,0.84
,,NDUFAF4,,,,,,,,0.00,,0.00
,,NDUFS1,,,,,,,,0.34,,0.10
,,NDUFS2,,,,,,,,0.04,,0.39
,,NDUFS3,,,,,,,,0.00,,0.00
,,NDUFS4,,,,,,,,0.21,,0.06
,,NDUFS5,,,,,,,,0.00,,0.00
,,NDUFS6,,,,,,,,0.00,,0.00
,,NDUFS7,,,,,,,,0.05,,0.96
,,NDUFS8,,,,,,,,0.00,,0.00
,,NDUFV1,,,,,,,,0.23,,0.19
,,NDUFV2,,,,,,,,1.00,,0.57
,,NDUFV3,,,,,,,,0.00,,0.00
,,NEDD1,,,,,,,,0.44,,0.58
,,NEDD4L,,,,,,,,0.03,,0.07
,,NEDD8,,,,,,,,1.00,,0.54
,,NEDD9,,,,,,,,0.41,,0.12
,,NEFH,,,,,,,,1.00,,0.99
,,NEFL,,,,,,,,0.00,,0.00
,,NEFM,,,,,,,,1.00,,0.72
,,NFE2,,,,,,,,0.21,,0.44
,,NFIL3,,,,,,,,1.00,,0.07
,,NFKBIB,,,,,,,,0.77,,0.69
,,NFKBID,,,,,,,,0.00,,0.00
,,NFKBIZ,,,,,,,,0.13,,0.08
,,NFX1,,,,,,,,0.56,,0.17
,,NFXL1,,,,,,,,1.00,,0.82
,,NFYA,,,,,,,,0.95,,0.68
,,NFYB,,,,,,,,0.00,,0.00
,,NFYC,,,,,,,,0.00,,0.00
,,NGDN,,,,,,,,1.00,,0.99
,,NGFR,,,,,,,,1.00,,0.83
,,NGRN,,,,,,,,0.00,,0.00
,,NKPD1,,,,,,,,0.64,,0.32
,,NKX2-3,,,,,,,,0.09,,0.08
,,NLGN4X,,,,,,,,0.38,,0.72
,,NLGN4Y,,,,,,,,0.46,,0.48
,,NLRC3,,,,,,,,0.00,,0.00
,,NLRC5,,,,,,,,0.89,,0.81
,,NLRP1,,,,,,,,0.18,,0.89
,,NLRP10,,,,,,,,0.52,,0.73
,,NLRP11,,,,,,,,0.69,,0.37
,,NLRP12,,,,,,,,0.72,,0.24
,,NLRP13,,,,,,,,0.44,,0.74
,,NLRP14,,,,,,,,0.24,,0.85
,,NLRP3,,,,,,,,0.01,,0.02
,,NLRP4,,,,,,,,0.83,,0.42
,,NLRP5,,,,,,,,0.25,,0.97
,,NLRP6,,,,,,,,0.14,,0.17
,,NLRP7,,,,,,,,0.51,,0.26
,,NLRP9,,,,,,,,1.00,,0.90
,,NME2,,,,,,,,0.00,,0.00
,,NME4,,,,,,,,0.00,,0.00
,,NME5,,,,,,,,1.00,,0.59
,,NME6,,,,,,,,0.00,,0.00
,,NME7,,,,,,,,0.52,,0.09
,,NOS2,,,,,,,,0.12,,0.50
,,NOTCH1,,,,,,,,0.89,,0.63
,,NOX5,,,,,,,,0.40,,0.65
,,NPAT,,,,,,,,0.34,,0.94
,,NPC1,,,,,,,,1.00,,0.63
,,NPC2,,,,,,,,0.00,,0.00
,,NPM2,,,,,,,,0.82,,0.53
,,NPM3,,,,,,,,1.00,,0.84
,,NQO2,,,,,,,,0.10,,0.02
,,NRGN,,,,,,,,0.00,,0.00
,,NSMCE2,,,,,,,,0.44,,0.61
,,NSUN2,,,,,,,,1.00,,0.81
,,NSUN3,,,,,,,,0.98,,0.85
,,NSUN4,,,,,,,,0.00,,0.00
,,NSUN5,,,,,,,,0.00,,0.00
,,NSUN6,,,,,,,,0.73,,0.36
,,NSUN7,,,,,,,,0.37,,0.98
,,NT5C1A,,,,,,,,0.09,,0.67
,,NT5C1B,,,,,,,,1.00,,0.65
,,NT5C2,,,,,,,,0.00,,0.00
,,NT5C3,,,,,,,,0.00,,0.00
,,NT5C3L,,,,,,,,0.00,,0.00
,,NT5E,,,,,,,,0.12,,0.04
,,NUBP1,,,,,,,,0.35,,0.47
,,NUBP2,,,,,,,,0.00,,0.00
,,OAS2,,,,,,,,1.00,,0.80
,,OAS3,,,,,,,,0.35,,0.69
,,ODAM,,,,,,,,0.60,,0.61
,,ODZ1,,,,,,,,0.00,,0.00
,,ODZ2,,,,,,,,0.00,,0.00
,,ODZ3,,,,,,,,0.00,,0.00
,,ODZ4,,,,,,,,0.00,,0.00
,,OMA1,,,,,,,,0.85,,0.74
,,OPA3,,,,,,,,0.84,,0.57
,,OPN1LW,,,,,,,,0.50,,0.62
,,OPN1MW,,,,,,,,0.00,,0.00
,,OPN1MW2,,,,,,,,0.00,,0.00
,,OPN1SW,,,,,,,,0.48,,0.19
,,OPRD1,,,,,,,,0.18,,0.42
,,OPRK1,,,,,,,,0.28,,0.09
,,OPRM1,,,,,,,,0.00,,0.00
,,ORC1L,,,,,,,,0.00,,0.00
,,ORC2L,,,,,,,,0.00,,0.00
,,ORC3L,,,,,,,,0.00,,0.00
,,ORC4L,,,,,,,,0.00,,0.00
,,ORC5L,,,,,,,,0.00,,0.00
,,ORC6L,,,,,,,,0.00,,0.00
,,OS9,,,,,,,,0.03,,0.98
,,OSCAR,,,,,,,,0.00,,0.00
,,OSTalpha,,,,,,,,0.00,,0.00
,,OSTBETA,,,,,,,,0.00,,0.00
,,OTUB1,,,,,,,,0.00,,0.00
,,OTUB2,,,,,,,,0.00,,0.00
,,OXSM,,,,,,,,1.00,,0.88
,,OXT,,,,,,,,0.00,,0.00
,,P4HTM,,,,,,,,0.08,,0.08
,,PA2G4,,,,,,,,1.00,,0.71
,,PABPC1,,,,,,,,0.73,,0.41
,,PABPC1L,,,,,,,,0.02,,0.02
,,PABPC3,,,,,,,,1.00,,0.55
,,PABPC4,,,,,,,,0.71,,0.54
,,PABPC5,,,,,,,,1.00,,0.73
,,PABPN1,,,,,,,,0.93,,0.75
,,PABPN1L,,,,,,,,0.00,,0.00
,,PADI1,,,,,,,,1.00,,0.98
,,PADI3,,,,,,,,0.94,,0.42
,,PADI4,,,,,,,,0.75,,0.43
,,PADI6,,,,,,,,0.00,,0.00
,,PAFAH2,,,,,,,,0.84,,0.40
,,PAGE1,,,,,,,,1.00,,0.40
,,PAGE2,,,,,,,,0.00,,0.00
,,PAGE2B,,,,,,,,0.00,,0.00
,,PAGE4,,,,,,,,1.00,,0.72
,,PAGE5,,,,,,,,1.00,,0.77
,,PAICS,,,,,,,,1.00,,0.41
,,PALLD,,,,,,,,0.39,,0.70
,,PAPLN,,,,,,,,0.46,,0.16
,,PAPPA,,,,,,,,0.62,,0.27
,,PARL,,,,,,,,0.67,,0.55
,,PARP10,,,,,,,,0.21,,0.35
,,PARP11,,,,,,,,0.00,,0.00
,,PARP12,,,,,,,,1.00,,0.53
,,PARP14,,,,,,,,1.00,,0.69
,,PARP15,,,,,,,,1.00,,0.88
,,PARP16,,,,,,,,0.00,,0.00
,,PARP2,,,,,,,,1.00,,0.59
,,PARP3,,,,,,,,1.00,,0.57
,,PARP4,,,,,,,,0.34,,0.13
,,PARP6,,,,,,,,0.94,,0.79
,,PARP8,,,,,,,,0.43,,0.23
,,PARP9,,,,,,,,1.00,,0.88
,,PARS2,,,,,,,,0.75,,0.31
,,PARVA,,,,,,,,0.00,,0.00
,,PARVG,,,,,,,,1.00,,0.73
,,PCCA,,,,,,,,0.37,,0.62
,,PCCB,,,,,,,,0.05,,0.54
,,PCDHAC1,,,,,,,,0.69,,0.57
,,PCDHAC2,,,,,,,,1.00,,0.41
,,PCDHGA1,,,,,,,,0.48,,0.96
,,PCDHGA10,,,,,,,,0.85,,0.39
,,PCDHGA11,,,,,,,,1.00,,0.99
,,PCDHGA12,,,,,,,,0.88,,0.71
,,PCDHGA2,,,,,,,,0.82,,0.54
,,PCDHGA3,,,,,,,,0.25,,0.06
,,PCDHGA4,,,,,,,,1.00,,0.96
,,PCDHGA5,,,,,,,,0.69,,0.38
,,PCDHGA6,,,,,,,,0.70,,0.70
,,PCDHGA7,,,,,,,,0.18,,0.64
,,PCDHGA8,,,,,,,,0.08,,0.02
,,PCDHGA9,,,,,,,,1.00,,0.64
,,PCDHGB1,,,,,,,,0.39,,0.54
,,PCDHGB2,,,,,,,,1.00,,0.87
,,PCDHGB3,,,,,,,,0.59,,0.75
,,PCDHGB4,,,,,,,,0.29,,0.92
,,PCDHGB5,,,,,,,,0.00,,0.00
,,PCDHGB6,,,,,,,,0.77,,0.39
,,PCDHGB7,,,,,,,,0.63,,0.47
,,PCDHGC4,,,,,,,,0.41,,0.23
,,PCDHGC5,,,,,,,,0.32,,0.26
,,PCYT2,,,,,,,,1.00,,0.57
,,PDE1A,,,,,,,,0.07,,0.27
,,PDE1B,,,,,,,,0.67,,0.28
,,PDE1C,,,,,,,,0.43,,0.12
,,PDE2A,,,,,,,,0.57,,0.96
,,PDE3A,,,,,,,,0.67,,0.90
,,PDE3B,,,,,,,,0.03,,0.05
,,PDE5A,,,,,,,,0.60,,0.32
,,PDHX,,,,,,,,1.00,,0.66
,,PDIA2,,,,,,,,0.69,,0.50
,,PDIA3,,,,,,,,0.48,,0.92
,,PDIA4,,,,,,,,0.35,,0.82
,,PDIA5,,,,,,,,0.37,,0.14
,,PDIA6,,,,,,,,1.00,,0.93
,,PDILT,,,,,,,,0.67,,0.25
,,PDK1,,,,,,,,0.69,,0.29
,,PDK2,,,,,,,,1.00,,0.82
,,PDK3,,,,,,,,0.00,,0.00
,,PDK4,,,,,,,,0.00,,0.00
,,PDSS1,,,,,,,,0.84,,0.92
,,PDXP,,,,,,,,1.00,,0.36
,,PECI,,,,,,,,0.00,,0.00
,,PELP1,,,,,,,,0.73,,0.73
,,PERP,,,,,,,,0.97,,0.55
,,PES1,,,,,,,,0.00,,0.00
,,PFKFB1,,,,,,,,0.17,,0.44
,,PFKFB2,,,,,,,,0.40,,0.58
,,PFKFB3,,,,,,,,0.13,,0.46
,,PFKFB4,,,,,,,,0.00,,0.00
,,PFKL,,,,,,,,0.00,,0.00
,,PFKM,,,,,,,,0.28,,0.48
,,PFKP,,,,,,,,0.52,,0.62
,,PFN4,,,,,,,,0.00,,0.00
,,PGA5,,,,,,,,1.00,,0.98
,,PGGT1B,,,,,,,,0.00,,0.00
,,PHKA1,,,,,,,,0.91,,0.70
,,PHKA2,,,,,,,,0.78,,0.59
,,PHKB,,,,,,,,0.39,,0.30
,,PHKG1,,,,,,,,1.00,,0.86
,,PHKG2,,,,,,,,0.34,,0.18
,,PHOSPHO2,,,,,,,,0.10,,0.06
,,PI3,,,,,,,,0.00,,0.00
,,PIAS2,,,,,,,,0.00,,0.00
,,PIAS4,,,,,,,,0.56,,0.52
,,PIGA,,,,,,,,0.07,,0.56
,,PIGB,,,,,,,,1.00,,0.68
,,PIGC,,,,,,,,0.86,,0.55
,,PIGF,,,,,,,,0.78,,0.14
,,PIGG,,,,,,,,0.25,,0.06
,,PIGH,,,,,,,,0.00,,0.00
,,PIGK,,,,,,,,0.25,,0.08
,,PIGL,,,,,,,,1.00,,0.96
,,PIGM,,,,,,,,0.68,,0.56
,,PIGN,,,,,,,,0.00,,0.00
,,PIGO,,,,,,,,0.49,,0.99
,,PIGP,,,,,,,,0.00,,0.00
,,PIGQ,,,,,,,,0.60,,0.94
,,PIGT,,,,,,,,0.83,,0.34
,,PIGU,,,,,,,,0.42,,0.18
,,PIGV,,,,,,,,0.64,,0.59
,,PIGW,,,,,,,,0.48,,0.68
,,PIGX,,,,,,,,0.00,,0.00
,,PIGY,,,,,,,,0.00,,0.00
,,PIGZ,,,,,,,,0.11,,0.05
,,PIK3R3,,,,,,,,0.62,,0.18
,,PIK3R4,,,,,,,,0.13,,1.00
,,PIK3R6,,,,,,,,0.09,,0.43
,,PIKFYVE,,,,,,,,0.15,,0.06
,,PIN4,,,,,,,,0.00,,0.00
,,PITPNA,,,,,,,,0.00,,0.00
,,PITPNB,,,,,,,,0.00,,0.00
,,PITPNC1,,,,,,,,0.52,,0.57
,,PITPNM1,,,,,,,,0.83,,0.63
,,PITPNM2,,,,,,,,0.13,,0.06
,,PJA2,,,,,,,,0.20,,0.35
,,PKDCC,,,,,,,,0.50,,0.47
,,PKIA,,,,,,,,0.80,,1.00
,,PKIB,,,,,,,,0.00,,0.00
,,PKLR,,,,,,,,1.00,,0.64
,,PKM2,,,,,,,,0.00,,0.00
,,PKMYT1,,,,,,,,0.72,,0.43
,,PLA2G10,,,,,,,,0.00,,0.00
,,PLA2G12A,,,,,,,,0.00,,0.00
,,PLA2G12B,,,,,,,,0.00,,0.00
,,PLA2G15,,,,,,,,0.08,,0.10
,,PLA2G2C,,,,,,,,0.00,,0.00
,,PLA2G2D,,,,,,,,0.00,,0.00
,,PLA2G2E,,,,,,,,0.73,,0.71
,,PLA2G2F,,,,,,,,0.00,,0.00
,,PLA2G3,,,,,,,,0.38,,0.91
,,PLA2G4B,,,,,,,,0.12,,0.07
,,PLA2G4D,,,,,,,,0.85,,0.64
,,PLA2G4E,,,,,,,,0.00,,0.00
,,PLA2G4F,,,,,,,,0.35,,0.52
,,PLA2G5,,,,,,,,0.00,,0.00
,,PLAT,,,,,,,,0.10,,0.39
,,PLAU,,,,,,,,0.00,,0.00
,,PLCB4,,,,,,,,0.48,,0.92
,,PLCD1,,,,,,,,0.77,,0.79
,,PLCD3,,,,,,,,1.00,,0.38
,,PLCD4,,,,,,,,1.00,,0.70
,,PLCG1,,,,,,,,0.93,,0.92
,,PLCG2,,,,,,,,0.31,,0.25
,,PLCH1,,,,,,,,0.17,,0.82
,,PLCXD1,,,,,,,,0.00,,0.00
,,PLCXD2,,,,,,,,0.00,,0.00
,,PLCXD3,,,,,,,,0.02,,0.34
,,PLCZ1,,,,,,,,0.63,,0.64
,,PLD1,,,,,,,,1.00,,0.91
,,PLD3,,,,,,,,0.63,,0.84
,,PLD4,,,,,,,,0.45,,0.48
,,PLD5,,,,,,,,0.12,,0.41
,,PLD6,,,,,,,,1.00,,0.21
,,PLEKHA1,,,,,,,,0.00,,0.00
,,PLEKHA3,,,,,,,,0.64,,0.54
,,PLEKHA4,,,,,,,,0.70,,0.90
,,PLEKHA5,,,,,,,,0.49,,0.57
,,PLEKHA6,,,,,,,,0.44,,0.52
,,PLEKHA7,,,,,,,,0.67,,0.74
,,PLEKHA9,,,,,,,,0.00,,0.00
,,PLEKHB2,,,,,,,,0.36,,0.10
,,PLEKHF1,,,,,,,,0.00,,0.00
,,PLEKHF2,,,,,,,,1.00,,0.67
,,PLEKHG1,,,,,,,,0.20,,0.28
,,PLEKHG3,,,,,,,,0.04,,0.05
,,PLEKHG4,,,,,,,,0.08,,0.96
,,PLEKHG4B,,,,,,,,0.31,,0.73
,,PLEKHG5,,,,,,,,0.34,,0.10
,,PLEKHG6,,,,,,,,0.29,,0.85
,,PLEKHG7,,,,,,,,0.39,,0.42
,,PLEKHH1,,,,,,,,0.10,,0.30
,,PLEKHH2,,,,,,,,0.39,,0.60
,,PLEKHH3,,,,,,,,1.00,,0.81
,,PLEKHJ1,,,,,,,,0.00,,0.00
,,PLEKHM1,,,,,,,,0.59,,0.31
,,PLEKHM2,,,,,,,,1.00,,0.95
,,PLEKHN1,,,,,,,,0.70,,0.32
,,PLEKHO2,,,,,,,,0.58,,0.92
,,PLOD1,,,,,,,,0.18,,0.08
,,PLOD2,,,,,,,,0.78,,0.31
,,PLOD3,,,,,,,,1.00,,0.91
,,PLRG1,,,,,,,,0.27,,0.07
,,PLSCR5,,,,,,,,0.00,,0.00
,,PLUNC,,,,,,,,0.00,,0.00
,,POF1B,,,,,,,,0.51,,0.15
,,POLA1,,,,,,,,0.16,,0.42
,,POLA2,,,,,,,,0.80,,0.64
,,POLB,,,,,,,,0.00,,0.00
,,POLD4,,,,,,,,0.00,,0.00
,,POLDIP2,,,,,,,,0.00,,0.00
,,POLDIP3,,,,,,,,0.43,,0.90
,,POLE,,,,,,,,0.62,,0.50
,,POLE2,,,,,,,,1.00,,0.90
,,POLE3,,,,,,,,0.96,,0.53
,,POLE4,,,,,,,,0.00,,0.00
,,POLG,,,,,,,,0.25,,0.72
,,POLL,,,,,,,,0.00,,0.00
,,POLM,,,,,,,,0.44,,0.29
,,POLQ,,,,,,,,1.00,,0.51
,,POLR1A,,,,,,,,0.73,,0.69
,,POLR1B,,,,,,,,0.11,,0.02
,,POLR1C,,,,,,,,0.24,,0.48
,,POLR1D,,,,,,,,0.23,,0.21
,,POLR1E,,,,,,,,1.00,,0.70
,,POLR2A,,,,,,,,0.37,,0.22
,,POLR2B,,,,,,,,1.00,,0.48
,,POLR2C,,,,,,,,0.64,,0.19
,,POLR2E,,,,,,,,1.00,,0.85
,,POLR2I,,,,,,,,0.90,,0.58
,,POLR2J,,,,,,,,0.00,,0.00
,,POLR2K,,,,,,,,0.00,,0.00
,,POLR2L,,,,,,,,0.00,,0.00
,,POLR3A,,,,,,,,0.23,,0.04
,,POLR3D,,,,,,,,0.00,,0.00
,,POLR3F,,,,,,,,0.00,,0.00
,,POLR3K,,,,,,,,0.00,,0.00
,,POMGNT1,,,,,,,,0.16,,0.25
,,POMZP3,,,,,,,,0.00,,0.00
,,POP1,,,,,,,,0.92,,0.61
,,POP4,,,,,,,,0.00,,0.00
,,POP5,,,,,,,,0.00,,0.00
,,POP7,,,,,,,,0.00,,0.00
,,POSTN,,,,,,,,1.00,,0.64
,,POTEA,,,,,,,,0.00,,0.00
,,POTEC,,,,,,,,0.37,,0.26
,,POTEE,,,,,,,,0.11,,0.42
,,POTEF,,,,,,,,0.35,,0.85
,,POTEH,,,,,,,,1.00,,0.70
,,POTEM,,,,,,,,0.23,,0.80
,,POU5F2,,,,,,,,0.00,,0.00
,,PPARGC1B,,,,,,,,1.00,,0.62
,,PPEF1,,,,,,,,0.70,,0.35
,,PPEF2,,,,,,,,0.25,,0.96
,,PPFIBP2,,,,,,,,0.18,,0.49
,,PPP1R10,,,,,,,,0.15,,0.97
,,PPP1R11,,,,,,,,1.00,,0.91
,,PPP1R12A,,,,,,,,0.46,,0.45
,,PPP1R12B,,,,,,,,0.89,,0.57
,,PPP1R12C,,,,,,,,0.00,,0.00
,,PPP1R13B,,,,,,,,0.78,,0.51
,,PPP1R14A,,,,,,,,0.00,,0.00
,,PPP1R14C,,,,,,,,1.00,,0.85
,,PPP1R14D,,,,,,,,0.00,,0.00
,,PPP1R15A,,,,,,,,1.00,,0.67
,,PPP1R15B,,,,,,,,1.00,,0.50
,,PPP1R16A,,,,,,,,1.00,,0.47
,,PPP1R1C,,,,,,,,0.00,,0.00
,,PPP1R2,,,,,,,,0.00,,0.00
,,PPP1R3A,,,,,,,,0.77,,0.57
,,PPP1R3B,,,,,,,,0.35,,0.54
,,PPP1R3C,,,,,,,,0.52,,0.18
,,PPP1R3D,,,,,,,,0.03,,0.45
,,PPP1R3F,,,,,,,,0.00,,0.00
,,PPP1R7,,,,,,,,0.00,,0.00
,,PPP1R8,,,,,,,,0.26,,0.15
,,PPP1R9A,,,,,,,,0.84,,0.90
,,PPP1R9B,,,,,,,,0.00,,0.00
,,PPP2R4,,,,,,,,0.00,,0.00
,,PPP4C,,,,,,,,0.46,,0.67
,,PPP4R1,,,,,,,,1.00,,0.35
,,PPP4R2,,,,,,,,0.57,,0.63
,,PPP4R4,,,,,,,,1.00,,0.56
,,PPP5C,,,,,,,,0.49,,0.43
,,PPP6C,,,,,,,,1.00,,0.99
,,PPRC1,,,,,,,,0.64,,0.28
,,PRAF2,,,,,,,,0.00,,0.00
,,PRDM1,,,,,,,,0.53,,0.15
,,PRDM2,,,,,,,,0.16,,0.11
,,PRIC285,,,,,,,,0.00,,0.00
,,PRKCA,,,,,,,,0.60,,0.08
,,PRKCD,,,,,,,,0.22,,0.23
,,PRKCDBP,,,,,,,,0.00,,0.00
,,PRKCG,,,,,,,,1.00,,0.98
,,PRKCH,,,,,,,,0.56,,0.90
,,PRKCI,,,,,,,,0.15,,0.11
,,PRKCQ,,,,,,,,1.00,,0.66
,,PRKCZ,,,,,,,,0.30,,0.88
,,PRKRA,,,,,,,,0.70,,0.80
,,PRKX,,,,,,,,0.00,,0.00
,,PROCR,,,,,,,,0.94,,0.70
,,PROL1,,,,,,,,1.00,,0.84
,,PROZ,,,,,,,,0.87,,0.55
,,PRPH2,,,,,,,,0.25,,0.71
,,PRSS27,,,,,,,,0.00,,0.00
,,PRSSL1,,,,,,,,0.00,,0.00
,,PSME1,,,,,,,,1.00,,0.94
,,PSME2,,,,,,,,0.00,,0.00
,,PSME3,,,,,,,,1.00,,0.68
,,PSME4,,,,,,,,0.67,,0.47
,,PSMF1,,,,,,,,0.67,,0.72
,,PSMG1,,,,,,,,0.04,,0.93
,,PSMG2,,,,,,,,0.00,,0.00
,,PSMG3,,,,,,,,0.00,,0.00
,,PTF1A,,,,,,,,0.56,,0.51
,,PTGER2,,,,,,,,1.00,,0.76
,,PTP4A1,,,,,,,,0.00,,0.00
,,PTP4A2,,,,,,,,0.26,,0.97
,,PTPLA,,,,,,,,0.66,,0.13
,,PTPLB,,,,,,,,0.00,,0.00
,,PTPMT1,,,,,,,,1.00,,0.44
,,PTPN11,,,,,,,,0.37,,0.87
,,PTPN13,,,,,,,,1.00,,0.86
,,PTPN18,,,,,,,,0.00,,0.00
,,PTPN22,,,,,,,,0.32,,0.75
,,PTPN3,,,,,,,,1.00,,0.73
,,PTPN4,,,,,,,,0.80,,0.37
,,PTPN5,,,,,,,,0.91,,0.83
,,PTPN6,,,,,,,,1.00,,0.95
,,PTPN9,,,,,,,,0.05,,0.12
,,PTX3,,,,,,,,0.50,,0.78
,,PTX4,,,,,,,,0.16,,0.10
,,PXMP2,,,,,,,,0.51,,0.94
,,PXMP4,,,,,,,,0.00,,0.00
,,PXT1,,,,,,,,0.00,,0.00
,,PYCR2,,,,,,,,0.00,,0.00
,,PYGB,,,,,,,,0.91,,0.58
,,QKI,,,,,,,,0.66,,0.84
,,RAB10,,,,,,,,0.09,,0.02
,,RAB11A,,,,,,,,0.00,,0.00
,,RAB11B,,,,,,,,0.27,,0.94
,,RAB12,,,,,,,,0.05,,0.66
,,RAB13,,,,,,,,1.00,,1.00
,,RAB14,,,,,,,,0.00,,0.00
,,RAB15,,,,,,,,0.00,,0.00
,,RAB17,,,,,,,,0.00,,0.00
,,RAB18,,,,,,,,0.81,,0.33
,,RAB19,,,,,,,,0.00,,0.00
,,RAB1B,,,,,,,,0.00,,0.00
,,RAB20,,,,,,,,0.39,,0.58
,,RAB21,,,,,,,,1.00,,0.52
,,RAB22A,,,,,,,,0.29,,0.29
,,RAB23,,,,,,,,0.28,,0.06
,,RAB24,,,,,,,,0.00,,0.00
,,RAB25,,,,,,,,0.85,,0.10
,,RAB26,,,,,,,,1.00,,0.75
,,RAB27A,,,,,,,,0.00,,0.00
,,RAB27B,,,,,,,,0.00,,0.00
,,RAB28,,,,,,,,0.61,,0.09
,,RAB2A,,,,,,,,0.00,,0.00
,,RAB2B,,,,,,,,0.00,,0.00
,,RAB30,,,,,,,,0.00,,0.00
,,RAB31,,,,,,,,0.00,,0.00
,,RAB32,,,,,,,,0.44,,0.18
,,RAB33A,,,,,,,,0.03,,1.00
,,RAB33B,,,,,,,,0.00,,0.00
,,RAB34,,,,,,,,0.69,,0.38
,,RAB35,,,,,,,,0.00,,0.00
,,RAB36,,,,,,,,0.13,,0.21
,,RAB37,,,,,,,,0.37,,0.45
,,RAB39,,,,,,,,0.00,,0.00
,,RAB39B,,,,,,,,1.00,,0.15
,,RAB3A,,,,,,,,0.41,,0.26
,,RAB3B,,,,,,,,1.00,,0.52
,,RAB3C,,,,,,,,1.00,,0.43
,,RAB3D,,,,,,,,0.85,,0.31
,,RAB40A,,,,,,,,0.00,,0.00
,,RAB40AL,,,,,,,,1.00,,0.38
,,RAB40B,,,,,,,,0.51,,0.29
,,RAB40C,,,,,,,,0.00,,0.00
,,RAB41,,,,,,,,0.00,,0.00
,,RAB42,,,,,,,,1.00,,0.99
,,RAB43,,,,,,,,0.00,,0.00
,,RAB4A,,,,,,,,0.00,,0.00
,,RAB4B,,,,,,,,0.87,,0.23
,,RAB5A,,,,,,,,0.64,,0.36
,,RAB5B,,,,,,,,1.00,,0.11
,,RAB6A,,,,,,,,0.46,,0.51
,,RAB6B,,,,,,,,0.97,,0.84
,,RAB6C,,,,,,,,0.49,,0.83
,,RAB7A,,,,,,,,0.00,,0.00
,,RAB7L1,,,,,,,,0.00,,0.00
,,RAB8B,,,,,,,,1.00,,0.79
,,RAB9A,,,,,,,,0.00,,0.00
,,RAB9B,,,,,,,,1.00,,0.75
,,RABEP2,,,,,,,,1.00,,0.78
,,RABGGTA,,,,,,,,0.02,,0.01
,,RABL2A,,,,,,,,0.00,,0.00
,,RABL2B,,,,,,,,0.14,,0.98
,,RABL3,,,,,,,,0.37,,0.23
,,RABL5,,,,,,,,0.00,,0.00
,,RAC1,,,,,,,,0.72,,0.37
,,RAD51,,,,,,,,0.78,,0.28
,,RALGAPA1,,,,,,,,0.49,,0.17
,,RALGAPA2,,,,,,,,0.32,,0.08
,,RALGAPB,,,,,,,,0.38,,0.90
,,RALY,,,,,,,,1.00,,0.86
,,RAP1A,,,,,,,,0.00,,0.00
,,RAP2C,,,,,,,,1.00,,0.67
,,RARB,,,,,,,,0.89,,0.63
,,RASD1,,,,,,,,0.00,,0.00
,,RASD2,,,,,,,,0.01,,0.13
,,RASGEF1A,,,,,,,,0.71,,0.59
,,RASGEF1B,,,,,,,,0.57,,0.84
,,RASGEF1C,,,,,,,,0.11,,0.95
,,RASL12,,,,,,,,0.00,,0.00
,,RAVER1,,,,,,,,0.13,,0.61
,,RAVER2,,,,,,,,0.20,,0.13
,,RBM3,,,,,,,,0.00,,0.00
,,RBMS1,,,,,,,,1.00,,0.55
,,RBMS2,,,,,,,,0.31,,0.66
,,RBMX,,,,,,,,0.36,,0.25
,,RBMX2,,,,,,,,0.88,,0.09
,,RBMXL1,,,,,,,,1.00,,0.41
,,RBMXL2,,,,,,,,0.78,,0.29
,,RBP3,,,,,,,,0.37,,0.52
,,RBP4,,,,,,,,0.32,,0.72
,,RBP5,,,,,,,,0.00,,0.00
,,RBP7,,,,,,,,0.00,,0.00
,,RCE1,,,,,,,,0.90,,0.73
,,RCN1,,,,,,,,0.00,,0.00
,,RCN2,,,,,,,,0.17,,0.01
,,RCN3,,,,,,,,0.00,,0.00
,,REG1A,,,,,,,,0.23,,0.07
,,REG1B,,,,,,,,0.36,,0.07
,,RETSAT,,,,,,,,1.00,,0.56
,,REV3L,,,,,,,,0.48,,0.23
,,REXO1,,,,,,,,0.36,,0.95
,,REXO2,,,,,,,,1.00,,0.30
,,REXO4,,,,,,,,1.00,,0.55
,,RFC1,,,,,,,,0.32,,0.33
,,RFC2,,,,,,,,0.50,,0.45
,,RFC3,,,,,,,,0.00,,0.00
,,RFC4,,,,,,,,1.00,,0.87
,,RFC5,,,,,,,,0.84,,0.43
,,RFTN1,,,,,,,,1.00,,0.74
,,RFX1,,,,,,,,0.00,,0.00
,,RFX3,,,,,,,,0.33,,0.19
,,RFX4,,,,,,,,1.00,,0.63
,,RFX6,,,,,,,,0.89,,0.90
,,RFX7,,,,,,,,1.00,,0.74
,,RGMA,,,,,,,,0.12,,0.06
,,RGMB,,,,,,,,0.00,,0.00
,,RHBDL1,,,,,,,,0.18,,0.38
,,RHBDL2,,,,,,,,0.00,,0.92
,,RHBDL3,,,,,,,,0.18,,0.27
,,RHCE,,,,,,,,0.61,,0.93
,,RHD,,,,,,,,0.29,,0.13
,,RHOD,,,,,,,,0.00,,0.00
,,RHOJ,,,,,,,,0.00,,0.00
,,RHOQ,,,,,,,,0.00,,0.00
,,RHOT1,,,,,,,,0.57,,0.83
,,RHOT2,,,,,,,,0.27,,0.95
,,RHOU,,,,,,,,0.08,,0.27
,,RHOV,,,,,,,,1.00,,0.16
,,RHOXF1,,,,,,,,0.45,,0.36
,,RHOXF2,,,,,,,,1.00,,0.59
,,RHOXF2B,,,,,,,,0.00,,0.00
,,RHPN1,,,,,,,,0.50,,0.68
,,RHPN2,,,,,,,,0.14,,0.23
,,RICTOR,,,,,,,,0.62,,0.48
,,RLIM,,,,,,,,0.68,,0.89
,,RNASEH2A,,,,,,,,0.00,,0.00
,,RNASEH2B,,,,,,,,1.00,,0.39
,,RNASEH2C,,,,,,,,0.26,,0.15
,,RNASEK,,,,,,,,0.00,,0.00
,,RNASEN,,,,,,,,0.00,,0.00
,,RNFT1,,,,,,,,0.20,,0.95
,,RNFT2,,,,,,,,0.58,,0.82
,,RNLS,,,,,,,,0.78,,0.40
,,RNPC3,,,,,,,,0.00,,0.00
,,RNPS1,,,,,,,,0.00,,0.00
,,ROBO4,,,,,,,,1.00,,0.67
,,ROCK1,,,,,,,,1.00,,0.77
,,ROCK2,,,,,,,,0.90,,0.84
,,ROPN1,,,,,,,,0.39,,0.87
,,ROPN1B,,,,,,,,0.00,,0.00
,,RPA3,,,,,,,,0.55,,0.29
,,RPA4,,,,,,,,0.00,,0.00
,,RPS4X,,,,,,,,0.05,,0.02
,,RPS4Y1,,,,,,,,0.00,,0.00
,,RPS4Y2,,,,,,,,0.00,,0.00
,,RPTOR,,,,,,,,1.00,,0.92
,,RS1,,,,,,,,0.00,,0.00
,,RSPO4,,,,,,,,0.00,,0.00
,,RXRB,,,,,,,,1.00,,0.98
,,RXRG,,,,,,,,1.00,,0.80
,,SAA4,,,,,,,,0.83,,0.57
,,SAMSN1,,,,,,,,0.02,,0.98
,,SAP130,,,,,,,,1.00,,0.95
,,SAP18,,,,,,,,0.16,,0.03
,,SAP30,,,,,,,,0.16,,0.47
,,SAPS1,,,,,,,,0.00,,0.00
,,SAPS2,,,,,,,,0.00,,0.00
,,SAPS3,,,,,,,,0.00,,0.00
,,SBK2,,,,,,,,1.00,,0.98
,,SC5DL,,,,,,,,0.00,,0.00
,,SCARA3,,,,,,,,1.00,,0.96
,,SCARA5,,,,,,,,0.05,,0.02
